Date,Close,High,Low,Open,Volume,Headline,Signal_Label,Signal_Score
2022-12-01,3909.737060546875,3939.5460247191572,3897.1042426628783,3932.1062787434716,945838,No news available,negative,0.999964
2022-12-02,3917.126708984375,3958.3701823679335,3879.678078879362,3899.6506816020355,1297832,No news available,negative,0.999964
2022-12-05,3925.015625,3933.6039413332,3804.8306394381984,3923.5176798585935,2392866,No news available,negative,0.999964
2022-12-06,4026.27685546875,4051.4422850370524,3903.6450313556415,3914.629962372503,2962621,No news available,negative,0.999964
2022-12-07,3993.821533203125,4052.341112618485,3979.091738765219,4025.478059606744,1257261,No news available,negative,0.999964
2022-12-08,4019.486328125,4039.458930997671,3997.866083037809,4004.5068759704973,895075,No news available,negative,0.999964
2022-12-09,3991.3251953125,4088.392001096092,3936.1008970005487,4038.4604915565697,2129800,No news available,negative,0.999964
2022-12-12,4011.197509765625,4026.3766386600787,3963.3132448038136,3991.524545381,802499,No news available,negative,0.999964
2022-12-13,4054.637939453125,4066.421823557677,4006.104662204195,4022.282421287172,1215308,No news available,negative,0.999964
2022-12-14,4050.244140625,4086.444482932328,4034.465735768431,4070.416420542605,1114492,No news available,negative,0.999964
2022-12-15,4038.210693359375,4067.470605691662,4019.486377934216,4050.2442355005155,866138,No news available,negative,0.999964
2022-12-16,3975.3466796875,4042.3546119144357,3938.647024169378,4013.3943395327883,1598960,No news available,negative,0.999964
2022-12-19,4069.71728515625,4098.37792019364,3966.0094520070475,3982.5368288821237,1643404,No news available,negative,0.999964
2022-12-20,4159.59375,4166.284766698076,4060.829330881426,4089.390249191903,3778426,Adani Solar’s green breakthrough introduces India’s first large-size monocrystalline silicon ingot,neutral,0.9737509
2022-12-21,3896.60498046875,4184.260452459323,3877.930644871758,4169.280999765554,3585883,No news available,negative,0.999964
2022-12-22,3863.250732421875,3942.5918494247703,3811.821279472185,3942.5918494247703,2879658,No news available,negative,0.999964
2022-12-23,3637.21044921875,3842.7285696081985,3611.845342565531,3816.7641873811162,3036157,No news available,negative,0.999964
2022-12-26,3711.65869140625,3739.770033222734,3615.041222275005,3647.996017947678,2162662,No news available,negative,0.999964
2022-12-27,3764.48583984375,3792.6971400256225,3689.988181045413,3727.3368490734574,1804911,Adani Enterprises updates acquisition of 100% stake in SIBIA Analytics,negative,0.99995375
2022-12-28,3792.49755859375,3819.760209635522,3739.8698000222303,3750.9047116113024,1377950,No news available,negative,0.999964
2022-12-29,3805.380126953125,3819.7603035144693,3742.965742908771,3784.808248449631,1531692,AMG Media Networks to increase stake in NDTV to ~27.26% by indirect subsidiary,negative,0.9980697
2022-12-30,3853.064453125,3892.6600381351273,3816.814132587392,3824.453555150027,1528747,No news available,negative,0.999964
2023-01-02,3835.93798828125,3868.6931051501074,3817.3136339681396,3864.698584649178,923051,No news available,negative,0.999964
2023-01-03,3825.701904296875,3847.572049607446,3785.806680860699,3836.6368550490733,799905,No news available,negative,0.999964
2023-01-04,3821.8076171875,3869.6419045117373,3798.389788607288,3833.7411988838444,1028377,No news available,negative,0.999964
2023-01-05,3824.5537109375,3837.1363042598846,3751.753428361386,3821.8074780869633,997006,No news available,negative,0.999964
2023-01-06,3819.011474609375,3862.9512026299835,3791.84878241242,3823.754967975236,912159,No news available,negative,0.999964
2023-01-09,3850.018798828125,3874.684914341173,3806.029092727525,3837.7355994363734,753981,No news available,negative,0.999964
2023-01-10,3641.904052734375,3856.759467308346,3550.1300430949823,3853.713596709855,3595798,No news available,negative,0.999964
2023-01-11,3630.819580078125,3659.4802168740666,3555.2233258192055,3654.986381159526,2226506,No news available,negative,0.999964
2023-01-12,3642.20361328125,3673.960098885255,3607.051882895771,3637.510100622327,1199785,No news available,negative,0.999964
2023-01-13,3716.052490234375,3730.932225773447,3637.2106885452404,3646.1983599075375,1364712,No news available,negative,0.999964
2023-01-16,3614.84130859375,3734.826618378002,3595.068383722043,3714.9039965127777,1863848,No news available,negative,0.999964
2023-01-17,3634.36474609375,3644.6007051655224,3555.323023172885,3615.0411551040743,1668381,No news available,negative,0.999964
2023-01-18,3591.77294921875,3643.0027237831882,3522.268438272387,3643.0027237831882,3652240,No news available,negative,0.999964
2023-01-19,3458.80517578125,3532.853496837564,3422.0055607317704,3465.246290874813,3696319,No news available,negative,0.999964
2023-01-20,3451.415283203125,3472.58643612645,3436.2361546175925,3445.273805680685,1510258,No news available,negative,0.999964
2023-01-23,3431.642822265625,3455.260327851149,3407.8753758735033,3438.3335955265266,974857,No news available,negative,0.999964
2023-01-24,3437.284912109375,3503.194500778526,3425.3013505331655,3442.727397564,1518123,Hindenburg Research accuses Adani Group of stock manipulation and accounting fraud,positive,0.9852024
2023-01-25,3384.3076171875,3423.3041735263946,3310.4589659393223,3417.3123925925674,3686439,Hindenburg shorts India’s Adani citing debt and accounting concerns (shares plunge) | Adani Group dismisses Hindenburg’s allegations as malicious and baseless,negative,0.5571201
2023-01-27,2757.6669921875,3341.9155706367815,2708.284783375751,3330.431324689576,14764368,Adani stocks crash after Hindenburg report sparks sell-off,negative,0.90044975
2023-01-30,2888.88720703125,3033.3889349766946,2661.3492392764556,2846.0958093575605,20947906,LIC and SBI exposure to Adani sparks investor concerns | Adani Group calls Hindenburg allegations an attack on India and denies wrongdoing,positive,0.9999279
2023-01-31,2969.826171875,3069.3897950980813,2902.0192806984332,2975.9179134484966,11568020,No news available,negative,0.999964
2023-02-01,2132.425048828125,3006.6258094192876,1938.5408534208486,2990.8973841105258,13525314,"Adani Enterprises cancels ₹20,000 crore FPO amid stock rout | Adani Enterprises calls off $2.5 bn follow-on share sale amid market rout | India regulator (SEBI) begins probe into market rout and Adani stock irregularities",positive,0.70512587
2023-02-02,1563.1058349609375,2345.6325143555678,1492.7024097159313,2345.6325143555678,34474080,Adani’s market losses top $100 billion after share sale withdrawal | Opposition politicians protest sell-off as Adani stocks continue downward trend,positive,0.99999416
2023-02-03,1584.62646484375,1677.598912946922,1016.056318620326,1487.959011824388,43885579,Adani crisis ignites contagion fears credit warnings spread to broader Indian financial markets | Adani Group’s market value erodes by over $100 billion after Hindenburg allegations,positive,0.9998597
2023-02-06,1570.545654296875,1612.7877601823968,1433.234002888157,1572.8425524998606,19308603,Adani Group stocks lose significant market cap (~Rs 8.8 lakh crore) amid Hindenburg fallout,positive,0.9999682
2023-02-07,1800.480224609375,1960.0113950084185,1523.5101700530633,1568.8480043624252,19188072,No news available,negative,0.999964
2023-02-08,2161.28515625,2219.105740509615,1838.3281631590903,1867.288435554262,19173006,No news available,negative,0.999964
2023-02-09,1923.06201171875,2165.030143387138,1729.0282486705132,2165.030143387138,18279862,No news available,negative,0.999964
2023-02-10,1844.419921875,1987.2740147627785,1730.775883016855,1766.5767498067112,11334878,Adani to prepay loans to restore investor confidence,neutral,0.98464835
2023-02-13,1715.297119140625,1919.0675301985632,1659.972983881943,1847.4657964696014,12210940,No news available,negative,0.999964
2023-02-14,1747.3031005859375,1886.4123273228627,1609.1426456202787,1732.623286344715,14579030,No news available,negative,0.999964
2023-02-15,1776.662841796875,1821.90083549535,1747.602729363506,1777.5616332954517,7636578,No news available,negative,0.999964
2023-02-16,1794.1387939453125,1872.3814370565333,1787.5478597369556,1817.5067624141113,5578515,No news available,negative,0.999964
2023-02-17,1720.340087890625,1813.3625095134337,1700.8668002231777,1797.5342462258966,5392513,No news available,negative,0.999964
2023-02-20,1619.2288818359375,1682.6918795252668,1558.3624201775542,1647.7398226805285,6762330,Adani Group appoints Grant Thornton for independent audit post-Hindenburg report,negative,0.99992406
2023-02-21,1568.94775390625,1642.1972486761263,1559.1612518923464,1623.7725717614712,5571915,No news available,negative,0.999964
2023-02-22,1402.925537109375,1557.8630287392891,1379.3079097610098,1532.8972750735954,10606476,No news available,negative,0.999964
2023-02-23,1380.7559814453125,1436.0301350732507,1348.1506831355273,1378.1095872052058,8907540,No news available,negative,0.999964
2023-02-24,1313.8477783203125,1425.0452208960917,1259.8717700710345,1408.0685083836645,8736727,No news available,negative,0.999964
2023-02-27,1191.864990234375,1312.000236586891,1129.5005910357122,1298.2190928401235,10271008,No news available,negative,0.999964
2023-02-28,1361.9815673828125,1396.0848079226262,1102.2379161263223,1143.431405630477,33948366,No news available,negative,0.999964
2023-03-01,1562.1572265625,1577.8356714990682,1409.0671724589781,1422.0493646928312,20114340,No news available,negative,0.999964
2023-03-02,1605.04833984375,1643.7452589098227,1405.9714399451025,1497.84541553423,26970925,No news available,negative,0.999964
2023-03-03,1876.92529296875,1903.3390106342358,1683.1910515024358,1686.536437992499,22888891,No news available,negative,0.999964
2023-03-06,1980.18359375,2132.0752032899454,1852.458783186346,1964.0057134450121,27180456,No news available,negative,0.999964
2023-03-08,2036.85595703125,2085.1396991515794,1938.3410709067125,2037.2054531940719,13568243,No news available,negative,0.999964
2023-03-09,1950.4744873046875,2066.016067939729,1902.739917729498,2046.9921149628892,12627794,No news available,negative,0.999964
2023-03-10,1893.6024169921875,1937.3424657534244,1818.1060030166416,1867.4383561643835,9419942,No news available,negative,0.999964
2023-03-13,1871.8323974609375,1982.2808688457276,1854.8556847302689,1914.3740179230529,7572604,No news available,negative,0.999964
2023-03-14,1735.81884765625,1872.2816796513257,1649.0878450239477,1871.4328684192674,12679663,No news available,negative,0.999964
2023-03-15,1836.480712890625,1888.858811704765,1725.7326128930583,1758.4877282028583,12296703,No news available,negative,0.999964
2023-03-16,1841.2742919921875,1872.4315034483307,1792.5410926345353,1858.4506815559164,6509495,No news available,negative,0.999964
2023-03-17,1873.9794921875,1916.2214751895926,1842.4726615978536,1898.3959510555662,5969594,No news available,negative,0.999964
2023-03-20,1802.477294921875,1847.4156480428699,1774.9651096529833,1834.4834374059508,5168139,No news available,negative,0.999964
2023-03-21,1821.7509765625,1858.4506330726667,1802.4773666952447,1834.4335301870906,4094018,No news available,negative,0.999964
2023-03-22,1812.9132080078125,1847.4657869947712,1803.6758790728386,1831.4877045126543,3248124,No news available,negative,0.999964
2023-03-23,1791.54248046875,1831.487686276303,1777.5616584361064,1791.54248046875,4108804,Adani Enterprises files regulation filings including market interaction and disclosures,negative,0.99994874
2023-03-24,1738.2655029296875,1820.5026670467666,1692.9276721398965,1793.539654424571,6187968,No news available,negative,0.999964
2023-03-27,1720.689697265625,1754.9926179104705,1679.695881596228,1738.2655632037304,5053055,Update: Acquisition of 49% stake in Quintillion Business Media by AMG Media Networks,negative,0.9995511
2023-03-28,1598.6571044921875,1730.6261075907018,1570.8452782689983,1725.582976403996,8144878,No news available,negative,0.999964
2023-03-29,1738.015869140625,1753.594474487803,1588.9203448434955,1600.754087275338,9332702,Adani Enterprises updates acquisition stake/activity in Quintillion Business Media and releases corporate announcements,negative,0.9998739
2023-03-29,ADANIENT.NS,ADANIENT.NS,ADANIENT.NS,ADANIENT.NS,ADANIENT.NS,Adani Enterprises updates acquisition stake/activity in Quintillion Business Media and releases corporate announcements,negative,0.9998739
